id,lat,long
257051082,43.1147702,131.9014618
257051088,43.1121599,131.9245959
257160799,43.104782,131.9365497
257160821,43.104179,131.9368581
257160822,43.1045283,131.9377767
257162492,43.1127183,131.936218
257162524,43.1292952,131.9410707
257162532,43.1293472,131.9408892
257162631,43.1339216,131.9360109
257162679,43.1360531,131.9359956
257162756,43.136801,131.9257194
257162797,43.1368336,131.9190923
257294996,43.0966819,131.9573981
257295002,43.097241,131.9550865
257295018,43.1013031,131.9445036
257315583,43.102532,131.9134372
257315607,43.1015422,131.911111
257315724,43.0986476,131.9128783
257315789,43.1010124,131.9048093
257315819,43.1013863,131.9055562
257315835,43.1015537,131.9071852
257315853,43.101065,131.8956242
257315858,43.0998776,131.8946656
257315943,43.094061,131.898743
257315952,43.0937923,131.9017194
257316192,43.1002575,131.9316074
257538587,43.1186339,131.8832588
257538590,43.123739,131.8851617
257538592,43.1245186,131.8886922
257538673,43.1332476,131.9260494
257538680,43.1091824,131.9386113
257538879,43.1167908,131.9366045
257538884,43.1163944,131.9402069
257538891,43.1107463,131.9395633
258048476,43.1028682,131.926687
258048481,43.1169702,131.8793793
258048490,43.1175162,131.8890388
258048493,43.1181421,131.8798011
258048495,43.1192547,131.8802015
258048496,43.1180294,131.8863157
258051661,43.1271224,131.9102019
258051667,43.1304705,131.9115761
258807968,43.1284912,131.9382988
258807989,43.1297869,131.9323764
258808060,43.1273027,131.9263466
258808403,43.1002539,131.9043964
258808407,43.0989643,131.9045148
259001590,43.0963746,131.9720901
259535563,43.1186697,131.9213621
259535577,43.1185849,131.9075925
259535602,43.1147378,131.9124543
259535607,43.1169492,131.9061075
259535612,43.1159908,131.9021886
259535829,43.1180019,131.8908431
259535864,43.1242558,131.892405
259535900,43.1150812,131.9079188
259535938,43.1197947,131.8869456
259535939,43.1189929,131.8910904
259535941,43.1239202,131.8818844
259535942,43.1221299,131.8812551
259535943,43.1215281,131.884295
259535944,43.1209229,131.8873482
259535946,43.1201199,131.8914759
259535949,43.1220586,131.8877535
259535950,43.1231577,131.8881812
259576224,43.1284204,131.9018728
259576226,43.1281758,131.9017706
259576229,43.1281755,131.902206
259576247,43.1328115,131.8999838
259576251,43.1330395,131.9001272
259576254,43.133149,131.8998911
259576257,43.1329205,131.8996801
259576268,43.1352197,131.896063
259576271,43.1342236,131.8999404
259576277,43.1293552,131.8883228
259576290,43.1215271,131.8777792
259576291,43.120643,131.8774799
259576292,43.1201698,131.8805309
259779907,43.0993531,131.9336393
260543560,43.0914863,131.9641583
260543569,43.0893661,131.9620033
262097581,43.1267146,131.9060351
262097592,43.1272967,131.904961
262097631,43.1266906,131.9071494
264653389,43.1216222,131.9121916
264653407,43.1223962,131.9257119
264653414,43.1228539,131.9255787
264653415,43.1229907,131.9250707
264653419,43.1224404,131.9254338
264653512,43.1194777,131.9322418
264653515,43.1222452,131.9272375
264653533,43.1240336,131.9263474
264653570,43.1297452,131.9292729
264889805,43.127656,131.9409855
264889848,43.1283388,131.93927
264889894,43.1297277,131.9432312
266128856,43.1342685,131.9478351
278875277,43.1130219,131.87492
279773173,43.1120033,131.991363
279773184,43.1094513,131.9860517
279773188,43.1077846,131.9842558
279773194,43.1048588,131.9820625
281281861,43.112707,131.8928973
281284338,43.1006396,131.9160548
290852780,43.0953491,131.9144504
292660899,43.1226024,131.9248076
292672870,43.1125367,131.8778702
292673366,43.1054206,131.8738628
292674219,43.1104229,131.8771389
292677018,43.1142832,131.8934903
292680414,43.1256696,131.8905514
292680418,43.1276919,131.8922276
293254080,43.1319248,131.9121481
293254681,43.1144757,131.8924676
293259982,43.0936396,131.8630157
293260080,43.0948341,131.8626424
293581421,43.1122745,131.9202316
293583245,43.0993953,131.9665247
293588941,43.119412,131.8835501
293588946,43.1198153,131.8868393
293589411,43.1301951,131.8898409
293589413,43.1303021,131.8884757
294330663,43.0984724,131.8914132
294330718,43.0959627,131.8880203
294332089,43.0927428,131.8881574
297670760,43.1006669,131.9134912
297670945,43.1017319,131.9169295
297902816,43.1039954,131.9362943
297912123,43.0931731,131.9186869
297912661,43.0923257,131.9175463
297912754,43.0869584,131.90765
297912981,43.0981283,131.9139041
299613512,43.0986917,131.91381
299613554,43.0985642,131.9134489
299613560,43.0986436,131.913805
299613581,43.0985205,131.9135738
299613936,43.0988227,131.9135308
301012296,43.1042736,131.9462701
301012660,43.1044054,131.9457956
301013058,43.110338,131.9393487
301013060,43.1097765,131.9394964
301013063,43.1090125,131.9403149
301013072,43.110035,131.9390231
301013130,43.1053468,131.9465525
301014822,43.1252003,131.9568633
301014825,43.1255466,131.956191
301014959,43.110833,131.9366905
302255635,43.1143933,131.8998935
302260749,43.0989808,131.9667434
302262168,43.0891247,131.9622624
302276049,43.0993551,131.8638909
302286242,43.1144402,131.8851271
302942676,43.1243489,131.8879552
302946738,43.107081,131.8759544
303200509,43.1274546,131.9106545
303201265,43.1264986,131.9396441
303201275,43.1273202,131.9423843
303201309,43.1280844,131.9407451
303201312,43.128536,131.9406039
303201350,43.1274207,131.9411992
303201458,43.1178205,131.9293377
303399717,43.1320954,131.9150451
303792282,43.1270666,131.9105145
303792290,43.1266621,131.9106441
303797063,43.1146956,131.8880516
303797252,43.1148887,131.8870762
303797256,43.1143158,131.8899328
303799359,43.1307228,131.8881939
303800054,43.1263985,131.8808634
303800069,43.1240556,131.8776823
303800070,43.1242158,131.876808
305075012,43.0955159,131.8619369
305075112,43.0979008,131.8663914
305075851,43.1143566,131.9359726
305075876,43.1141243,131.9324512
305075881,43.1138884,131.9289481
306035430,43.1119956,131.9392465
306035727,43.1132346,131.9403552
306035731,43.1160646,131.9422747
306035732,43.1176845,131.9434856
306035734,43.1187687,131.9437555
306037670,43.1105307,131.9478942
306037675,43.1096497,131.9496729
306037681,43.1130233,131.9535643
306046677,43.1164672,131.9084965
306046719,43.1155168,131.912151
306665591,43.1178188,131.8874248
306665651,43.1193084,131.88946
307558430,43.115328,131.8906995
307558588,43.1158053,131.8929395
307558603,43.1153733,131.8916223
307559487,43.1122491,131.9212373
309985325,43.1347155,131.9258046
309985806,43.1300273,131.9174758
312409807,43.1022585,131.8684541
312410381,43.1254157,131.8990468
312410491,43.1265733,131.8981826
313400695,43.120805,131.8877211
313401223,43.1187943,131.8910225
317475804,43.1049116,131.9476273
317476300,43.1120792,131.9561452
317477070,43.1164299,131.9511541
317477994,43.0991295,131.9672294
317478011,43.0985061,131.9771993
317478839,43.0946424,131.91991
317478840,43.093668,131.9195564
317478869,43.099453,131.9213407
317824159,43.101755,131.9129133
317825667,43.1001227,131.9773393
317825808,43.1030808,131.9829808
318018617,43.1008765,131.8970019
318018623,43.1016297,131.8978561
319321230,43.1004704,131.9415958
319323798,43.099867,131.9459844
319324464,43.0992367,131.9473315
319324484,43.0987091,131.9474173
319327067,43.0956391,131.9502185
319327080,43.0934236,131.950308
319329602,43.1037909,131.9377272
319330282,43.1074681,131.9392367
319361134,43.1104602,131.9357329
319364229,43.1275622,131.9399439
319364670,43.1306233,131.941819
319366203,43.1374427,131.9532216
319369424,43.1367557,131.942591
319369449,43.136833,131.9589613
319374090,43.1331752,131.903194
319374093,43.1333185,131.9077224
319374381,43.1366286,131.900057
319375500,43.1249265,131.8854755
319376112,43.1263337,131.884867
322489003,43.1284478,131.9377242
322489454,43.1280601,131.939549
322489832,43.1196601,131.9371891
322494972,43.1204609,131.9325843
322494975,43.1199639,131.9330802
322495618,43.1122919,131.9264988
322495990,43.1124511,131.9285969
322497549,43.0963697,131.9020845
322497553,43.0961853,131.9040081
322497559,43.0958066,131.9066736
322611928,43.1012563,131.9051937
329436393,43.1052111,131.8947233
329436644,43.1030979,131.8932696
329436667,43.1015215,131.8896713
329442082,43.1016049,131.8943678
329459263,43.094482,131.8858947
329465267,43.0944541,131.8954394
329467373,43.0938906,131.893277
329509565,43.0869361,131.9061387
329509568,43.0869843,131.9052031
329511732,43.118361,131.9562152
329513914,43.1240668,131.957297
329585754,43.1281743,131.9027702
329585771,43.1289165,131.9061341
329585786,43.1304355,131.9093215
329585815,43.1328488,131.9110957
329587709,43.1359652,131.9016824
330870785,43.0933236,131.9796191
330872196,43.1104967,131.9585009
330873047,43.1079265,131.9576596
333741490,43.1132937,131.9175755
333741568,43.1183371,131.9192097
333748147,43.1122872,131.9197298
338997179,43.0987925,131.9134547
339005925,43.0985144,131.9041395
348596273,43.1111306,131.9406903
348598152,43.1119427,131.9486925
348599621,43.1083859,131.9431092
348603116,43.1311539,131.9427789
348609034,43.1327888,131.9103879
348609040,43.1325405,131.9108733
348609471,43.1320918,131.9115911
349349285,43.1281054,131.8923566
370075757,43.0770366,131.9454344
370075774,43.0892407,131.9448267
370393937,43.1324225,131.8984684
370437816,43.1355894,131.9191663
370952933,43.1042469,131.9559737
370952950,43.1090709,131.9597045
370952962,43.112395,131.9607973
370953186,43.0959213,131.9573723
370953194,43.0953267,131.9587737
370953196,43.0950422,131.9595728
370953320,43.091662,131.9410394
370953458,43.0918549,131.9275231
370953463,43.0925951,131.9328364
370953559,43.0857657,131.907414
370953562,43.0848857,131.9062545
370953563,43.0845193,131.9048376
370953586,43.0813045,131.9033567
370953596,43.0785517,131.90665
370953729,43.088657,131.9088882
370953732,43.0891019,131.9068664
370953733,43.0894118,131.9055613
370953734,43.0899505,131.903397
370953815,43.0903627,131.9059301
373555013,43.1038965,131.9468833
373571479,43.102766,131.9447359
385158492,43.1320908,131.9114095
385159020,43.1353502,131.9108749
393161141,43.1267406,131.8861118
408744755,43.119009,131.9076766
408744756,43.1195166,131.9078771
419828001,43.1157643,131.9154627
419828440,43.1149069,131.9118166
419828579,43.1158491,131.9132677
419830724,43.1114741,131.9196592
422007759,43.0895688,131.9045789
422007765,43.0885052,131.9018698
422007766,43.0883204,131.9013761
422007774,43.0872511,131.8951457
422008750,43.0882278,131.9112594
422019523,43.1254042,131.9592189
422037052,43.1267452,131.9075062
422037342,43.1296186,131.9079019
441712826,43.1218896,131.9329047
441718257,43.117964,131.9117494
441719577,43.1177092,131.9154567
441735242,43.1034332,131.9264676
441737017,43.1021855,131.9586563
441740495,43.0855197,131.9629374
443614220,43.1270052,131.8848216
449513884,43.1327513,131.9125346
490523616,43.1258942,131.8934568
490528342,43.0996637,131.894206
490528351,43.0952678,131.8897944
490528380,43.0950807,131.8894752
490532419,43.1019496,131.9112818
490535618,43.1037119,131.9354179
492028175,43.0934795,131.8927761
492028179,43.0922909,131.8926522
492028651,43.0987884,131.8948576
492034010,43.1343334,131.8897907
492034015,43.1357077,131.8919059
492034020,43.1367307,131.8963714
492034458,43.1357334,131.8971403
492034463,43.1352095,131.8999882
492035487,43.1383339,131.8955675
492036086,43.1346499,131.8982076
492040538,43.132225,131.9043509
492040544,43.1314778,131.906853
497684608,43.1283909,131.8989225
502289679,43.0946824,131.9771501
502311694,43.0910425,131.9586923
502313975,43.0901071,131.9583053
508879847,43.101623,131.9618763
508882818,43.1064123,131.963049
514149428,43.087583,131.902988
530502764,43.09191,131.9208497
530506241,43.0875634,131.9155477
553701237,43.1370794,131.9794956
553701467,43.135855,131.9997265
553702132,43.1374769,131.9425234
599895090,43.1104818,131.9369134
602416651,43.1169341,131.9302443
602440757,43.1136309,131.9117915
604315662,43.1288339,131.9404603
604315664,43.1285021,131.9402089
604315666,43.1277833,131.939743
605263119,43.1144307,131.9385025
606366163,43.1330218,131.9108293
611548510,43.1296909,131.9067713
611548540,43.1333325,131.9081779
611548544,43.1324935,131.9079004
611548585,43.1309851,131.9069939
611548591,43.1307727,131.900565
615086639,43.1127922,131.9534526
615091417,43.1246714,131.9087638
616081406,43.1255464,131.9745443
623069375,43.0950157,131.9405552
623083694,43.0942925,131.9442769
623164514,43.0953797,131.9497465
623266420,43.0982684,131.9442518
623266832,43.0971145,131.9476892
623266867,43.0971517,131.948343
637997252,43.0982208,131.9285334
638106812,43.0891638,131.9235352
638205249,43.1258642,131.9159968
638205251,43.1257794,131.915697
638205252,43.125741,131.9157056
638205253,43.1256471,131.9159215
638205254,43.1256777,131.9159888
638205255,43.1254047,131.9157287
638205256,43.1257248,131.9165247
638205280,43.1267376,131.9118394
638205312,43.1266989,131.9100395
644600742,43.1284829,131.902087
644600771,43.128424,131.9001568
644600772,43.1282888,131.9001382
648676579,43.1283315,131.9014712
660575996,43.1017151,131.9300897
661956139,43.1162217,131.8987652
665678415,43.1181067,131.895792
732941670,43.1277525,131.901203
747637451,43.1245201,131.9148717
748641712,43.1227358,131.9259154
748641722,43.1226847,131.9253245
750493356,43.1290328,131.9146376
750636725,43.1181884,131.9164364
752186184,43.1218575,131.9068536
778107446,43.1263083,131.9140358
778107457,43.1264307,131.9141135
867594022,43.11402,131.9833078
867594030,43.1164945,131.9832683
867659939,43.1230398,131.9834918
881721827,43.1139804,131.9486104
907966718,43.1210937,131.9524095
908170005,43.1292707,131.9340414
910034456,43.1283406,131.9399542
910034460,43.1282307,131.940038
912779357,43.1044473,131.9457039
912779358,43.1042324,131.9459345
912779374,43.1041907,131.9460346
916430841,43.1042766,131.9360968
916433478,43.122654,131.8846943
916433479,43.1232946,131.88166
921140298,43.0931582,131.9185362
922094837,43.1075394,131.9423379
922105825,43.1109555,131.943676
927998330,43.094549,131.9385072
929001282,43.1184417,131.8999442
930453029,43.1332411,131.9100693
930453092,43.133341,131.9101197
930453094,43.1327387,131.9126144
930453115,43.1333378,131.9092881
930498954,43.1265109,131.9079645
930498995,43.126393,131.9100657
930499068,43.1356546,131.9111025
930499304,43.1328138,131.9113028
946021859,43.1255214,131.9636724
946038764,43.1263461,131.9815016
946038785,43.1248865,131.9846214
946039199,43.124981,131.9819745
946039234,43.1249138,131.9822947
946039248,43.1248428,131.9821942
947308158,43.1353463,131.998866
948305556,43.1195249,131.9698887
948437955,43.1163584,131.9702945
955726648,43.1324063,131.9460227
955726730,43.1321923,131.9459188
955726744,43.1308842,131.9479457
958022171,43.1109978,131.9366148
958039180,43.1190479,131.9219401
958039188,43.1189729,131.921622
958039190,43.1188357,131.9218172
958048239,43.1178617,131.8999593
958048240,43.1176086,131.8996597
966667207,43.1021963,131.9000822
966667210,43.116424,131.8967244
967591920,43.1113443,131.9425671
967598911,43.1123027,131.9445553
985180466,43.1006627,131.9487557
985180567,43.0998319,131.9484817
985180609,43.0992853,131.9480741
985180616,43.0990127,131.9478222
1006194666,43.1123112,131.9245995
1017758182,43.1129994,131.9356037
1017758220,43.1135251,131.9360779
1021968134,43.1095045,131.9241877
1028947929,43.1033796,131.9451826
1028947943,43.1057306,131.9423277
1028947945,43.1061018,131.9427786
1067176756,43.1178089,131.9006193
1067176759,43.1178153,131.9007251
1067176770,43.1181358,131.9010472
1067176771,43.1179242,131.9017669
1067186889,43.1236303,131.9238206
1067190891,43.1365196,131.9267807
1067190895,43.1366679,131.9266071
1067190898,43.1365132,131.9265131
1067190901,43.1364874,131.9265387
1067190903,43.1364831,131.9267448
1083016108,43.1233651,131.9227631
1103098939,43.134293,131.9495585
1103098964,43.1312956,131.9429006
1104437299,43.1277982,131.9411404
1104437310,43.128358,131.9388668
1107249165,43.1280442,131.9402502
1176384295,43.1101558,131.9371699
1176384320,43.1100962,131.9364462
1182520986,43.0876502,131.9080245
1185518488,43.1321644,131.9274208
1185566374,43.0758468,131.9591381
1185586532,43.0888637,131.9673128
1188819017,43.084309,131.8929623
1190635297,43.099679,131.9334078
1193873149,43.0860893,131.9103621
1193873153,43.0874612,131.9079695
1201119621,43.095845,131.9011073
1205462763,43.0989933,131.9504455
1205463391,43.0981818,131.9504513
1207143950,43.107304,131.9842571
1211931520,43.1036805,131.9353635
1211931528,43.103109,131.9384472
1218326573,43.0974923,131.9282663
1222751293,43.1308768,131.9505826
1222782041,43.086568,131.8952114
1228851539,43.124103,131.8786056
1228851590,43.1238912,131.8785795
1251658897,43.0910168,131.9162618
1260418191,43.1164149,131.9286015
1275703411,43.0979965,131.9475914
1275703420,43.0968984,131.9500921
1275703421,43.0965673,131.949011
1275703441,43.0948938,131.9511513
1275703486,43.0927843,131.9540225
1308578809,43.0979441,131.9035637
1313911989,43.1236347,131.9323964
1313911990,43.123604,131.9312358
1313911999,43.1280417,131.9292446
1313912000,43.1282502,131.928751
1315784829,43.082967,131.9069937
1315971834,43.1246094,131.9934514
1315971850,43.1230375,131.9871902
1315971898,43.124851,131.9936416
1316774456,43.1322458,131.9096143
1318413819,43.1326689,131.9375811
1318418562,43.0858888,131.8969774
1341961817,43.0979037,131.950231
1341961822,43.0974306,131.9503829
1342048357,43.1316166,131.9186118
1342048370,43.1320183,131.9187624
1429428148,43.1177771,131.9214428
1465001657,43.0960604,131.9116185
1465001662,43.0962321,131.9077583
1465001674,43.0965675,131.9075194
1508164995,43.1211899,131.9061214
1518892445,43.1021464,131.964631
1519149776,43.1039166,131.9620439
1519200154,43.1042479,131.9488737
1522687909,43.1049243,131.9495633
1530412557,43.1025265,131.9599845
1534876787,43.1102708,131.9837955
1534878571,43.0898006,131.9742802
1554931193,43.1000719,131.8928976
1592175304,43.1090776,131.9855915
1607217773,43.094142,131.9017395
1607456670,43.1302613,131.941483
1673276509,43.1031969,131.8979899
1673276567,43.1059475,131.9558073
1677965405,43.1166694,131.880955
1684478413,43.1276987,131.9404218
1684478415,43.1279193,131.9401752
1692531209,43.1158293,131.9605921
1703773134,43.1050726,131.9479518
1703773138,43.105801,131.9475855
1703773146,43.1068734,131.947402
1703773148,43.1069954,131.9471314
1703773158,43.1073604,131.9462811
1703773161,43.1086856,131.9433926
1703773183,43.110036,131.9476548
1705462927,43.1031255,131.9345989
1705467731,43.101418,131.9437181
1705467735,43.1013265,131.9431057
1705467737,43.1016623,131.9430649
1707920512,43.112558,131.9113973
1710884859,43.1163065,131.8824441
1723710911,43.089179,131.9409151
1723710916,43.0901534,131.9392332
1737160384,43.0723451,131.9443765
1737160399,43.0732942,131.9434339
1737160409,43.0743297,131.9462068
1737160426,43.0790615,131.9277132
1737160432,43.0831952,131.9259444
1737160479,43.0941563,131.900923
1737160518,43.1005853,131.8966938
1737160528,43.1020248,131.896087
1737160530,43.1021954,131.8959477
1737160566,43.1196805,131.9033391
1737160594,43.1216629,131.9037999
1750461528,43.125502,131.927836
1750461718,43.127707,131.9279158
1750461728,43.127911,131.926726
1753513271,43.0898548,131.9546344
1782463108,43.0915386,131.9708458
1782463112,43.0915362,131.9705943
1792640302,43.0940835,131.892053
1802318344,43.1115519,131.9570784
1803648752,43.1351721,131.9152395
1803648796,43.1365696,131.9128638
1803648835,43.1394783,131.9089009
1805865921,43.1165447,131.8966659
1805865924,43.1168151,131.8962471
1805892912,43.1170627,131.8912075
1805892924,43.117754,131.8914843
1806684388,43.1325726,131.9625307
1809515347,43.1201766,131.9027682
1809807585,43.1169113,131.8970472
1811228142,43.1122549,131.8794235
1820972422,43.1304091,131.9930111
1827341518,43.12942,131.9313329
1833678850,43.130031,131.8926382
1833695475,43.1007816,131.9416582
1833695477,43.1015127,131.9434258
1833695479,43.1022239,131.9378413
1834854317,43.1119423,131.8809715
1834854318,43.115725,131.8854935
1834854319,43.1235097,131.9230412
1834856551,43.097606,131.966404
1834856552,43.1099095,131.9368102
1834860989,43.111303,131.934147
1834860990,43.112865,131.9340494
1834860991,43.1256126,131.906386
1834861003,43.1271539,131.9098496
1834863461,43.1124301,131.9172979
1834863463,43.1136117,131.9173958
1834863466,43.1138138,131.917395
1834863467,43.1138411,131.9175004
1834932890,43.1333865,131.9329908
1834935378,43.1285622,131.9402568
1834935384,43.1316115,131.9356683
1834939721,43.1238534,131.9262678
1834939724,43.1242932,131.9255229
1834939735,43.1287011,131.9219339
1834940392,43.122275,131.9263722
1834940863,43.1283748,131.8880829
1834940865,43.1285244,131.8989409
1834940870,43.1302304,131.8927468
1835220357,43.1152689,131.8882524
1835220358,43.1163693,131.8886374
1835220360,43.1169317,131.885924
1836222098,43.0993228,131.9200542
1836222102,43.0994471,131.9202598
1836222105,43.099545,131.9201101
1836234259,43.100947,131.9291727
1836241769,43.0899842,131.9665603
1836241785,43.0914006,131.9729091
1836241790,43.0916949,131.9718032
1836323356,43.1319553,131.8904461
1836323371,43.1352025,131.8948539
1836498459,43.0938815,131.90082
1836498463,43.0958764,131.9019817
1837169331,43.0744833,131.9620501
1837169337,43.0791949,131.9629244
1837169345,43.0913217,131.9664829
1837179341,43.125158,131.8938688
1842211450,43.1019098,131.9100147
1842211454,43.1140799,131.8945569
1842217737,43.099797,131.935617
1842217742,43.100603,131.9322489
1842217747,43.1009219,131.9349089
1843561525,43.1161865,131.9483129
1843567341,43.1217146,131.9285547
1843568872,43.118604,131.9081077
1843575485,43.103153,131.9340333
1843796266,43.0958994,131.9771932
1846293849,43.0916754,131.9164351
1846296358,43.1173707,131.8933559
1851226280,43.0916885,131.9617482
1853703764,43.0962735,131.9427485
1860867309,43.1154686,131.9784371
1868093491,43.0735914,131.9409345
1868093492,43.0738704,131.9401655
1868093533,43.0792092,131.9279091
1873900645,43.0722554,131.9402321
1873900649,43.0737949,131.9443663
1873906546,43.0925626,131.9185147
1874119371,43.1175582,131.8828872
1874119434,43.1203878,131.883891
1874194560,43.089081,131.9620301
1877429910,43.0863227,131.9260994
1877429922,43.0868784,131.9261377
1877429924,43.0925377,131.9192469
1877429960,43.1027217,131.8961116
1877429976,43.1181948,131.9010365
1877429980,43.1181441,131.9001592
1877430011,43.1268463,131.9126195
1877655045,43.1050085,131.9831589
1878614490,43.0943081,131.9008986
1878614512,43.0947831,131.9018259
1878629274,43.0768808,131.962747
1878629285,43.0776638,131.9644627
1878629292,43.0783423,131.9648713
1878629294,43.0786142,131.9629779
1878629298,43.0787309,131.9649124
1878629301,43.0788713,131.9656035
1883376477,43.1212551,131.8918641
1884668103,43.1178305,131.8907857
1884668105,43.1178253,131.8908983
1884668116,43.1178866,131.8907273
1884668119,43.1179506,131.8909623
1884712293,43.0929792,131.9139431
1884712298,43.0929874,131.9137223
1884712343,43.1020246,131.8962303
1884712344,43.1020703,131.8976572
1884712350,43.1027197,131.8962697
1884712367,43.1149809,131.8965353
1884712373,43.1149851,131.8963664
1884712406,43.1164671,131.8967049
1884712424,43.1205178,131.9041795
1885043615,43.1289995,131.8924949
1885043620,43.129179,131.8904113
1886517293,43.1037413,131.8943415
1886517308,43.1052289,131.8955364
1889476000,43.1311152,131.9100735
1889476002,43.1312946,131.9080032
1898057171,43.1020622,131.8964899
1898083486,43.0959538,131.8994944
1898099156,43.0778198,131.9638845
1898146768,43.0826649,131.9008942
1903620011,43.0947787,131.9352631
1905190253,43.1304452,131.9416251
1909515325,43.1365284,131.9189543
1911080276,43.0881983,131.9736809
1916471166,43.124624,131.9318449
1916492041,43.1092065,131.949357
1921525800,43.1319375,131.8889907
1938927413,43.1261388,131.9062196
1938927414,43.1262409,131.9063363
1938927428,43.1266123,131.9057582
1941072045,43.1323985,131.8878219
1941077918,43.1382629,131.9453169
1953976408,43.1206414,131.9468789
1953976414,43.1208149,131.9485361
1953976417,43.1209603,131.9482352
1953976430,43.1209795,131.9518733
1953976447,43.1220218,131.9488222
1953976450,43.1220429,131.9488594
1953976475,43.1223777,131.9522186
1953976515,43.1235395,131.9529232
1960036208,43.0856911,131.9699833
1974527881,43.0959028,131.8993819
1975973651,43.1170417,131.9301747
1984160019,43.0946732,131.9011009
1989325392,43.1193044,131.8838861
1998904218,43.0948244,131.9312888
2000824106,43.0766207,131.9471568
2029390469,43.1172851,131.9601337
2029390647,43.1204256,131.9579504
2029410125,43.1109437,131.9607983
2029410172,43.1127255,131.9598574
2047027357,43.1331261,131.8904841
2066042697,43.1136338,131.9176413
2066042699,43.1137487,131.9176718
2071412486,43.1191061,131.9621797
2071412497,43.1217124,131.9680937
2071412540,43.1267328,131.9815629
2072304959,43.1047215,131.9829744
2072305002,43.1062093,131.9748344
2072305006,43.1061111,131.9723351
2072305099,43.1070197,131.9780575
2072305136,43.1082369,131.9764252
2072305176,43.1088752,131.9791158
2072343141,43.0913741,131.9706054
2072343144,43.0913958,131.9708612
2080782459,43.0768161,131.9371802
2080782565,43.0781211,131.9346996
2080782700,43.0881441,131.9365648
2080942037,43.0833297,131.9631917
2080942210,43.0872036,131.9579964
2080942301,43.0891828,131.9450074
2081043650,43.0812341,131.8962846
2081043755,43.0876524,131.9708074
2081044064,43.0946565,131.9444158
2081737655,43.096339,131.8934013
2108572561,43.1164923,131.9006129
2108572562,43.1165023,131.9005188
2189343194,43.1142063,131.917915
2192683245,43.1178616,131.8906699
2216230401,43.1232576,131.9025013
2223843973,43.0729281,131.9454347
2223843996,43.0751288,131.9492426
2247676396,43.1328573,131.9117611
2247676397,43.1330276,131.91181
2249761116,43.1043332,131.9831439
2279055701,43.1184586,131.8841799
2279084667,43.1219189,131.932548
2279084694,43.123187,131.932854
2287587599,43.1164704,131.8967262
2287587603,43.1168198,131.8966434
2289792900,43.0787235,131.9598943
2289792937,43.0805717,131.9506152
2289793029,43.0834568,131.9535966
2297852189,43.1274924,131.9415329
2297852198,43.1284654,131.9389608
2303308130,43.0994654,131.9199544
2303409636,43.1019861,131.897211
2303409641,43.1020551,131.8955636
2303409653,43.1022503,131.8973696
2303409661,43.1025455,131.8967615
2303507798,43.1256861,131.9354839
2335277517,43.1325788,131.9125235
2443812637,43.1274195,131.9044024
2443812644,43.1283832,131.9022658
2490572760,43.1226964,131.923024
2490572764,43.1228397,131.9255116
2490574679,43.1235905,131.9261537
2490595244,43.1266358,131.9055052
2490642091,43.1196398,131.9221033
2490642092,43.1190752,131.9216995
2491105101,43.1190277,131.9219584
2500750803,43.1186922,131.9213968
2500750816,43.1188359,131.9223797
2500750818,43.1188438,131.9218648
2522781348,43.1185517,131.9070424
2522810216,43.1258999,131.9158745
2522810220,43.1267376,131.9068848
2522810221,43.126569,131.9070742
2527841257,43.1235946,131.9228188
2527902250,43.1137347,131.9169052
2532033791,43.0979271,131.9830871
2572487246,43.1170034,131.8939175
2572487249,43.1172099,131.8941329
2625646955,43.1177933,131.8912735
2669580283,43.0972513,131.9503389
2669659656,43.073926,131.9389548
2752889421,43.1361546,131.9265826
2752889433,43.1366696,131.9266718
2752889437,43.1368955,131.9272234
2828162908,43.1137651,131.8962433
2881632680,43.0956839,131.9118376
2936701078,43.1172178,131.8844552
3013559192,43.1362411,131.9000383
3048868219,43.1118805,131.8839329
3074427574,43.0920064,131.9734562
3180207124,43.0875394,131.9710981
3180207125,43.089742,131.9747725
3210113296,43.0769875,131.9462601
3222421032,43.1005401,131.951598
3296485831,43.115884,131.9081795
3324204188,43.091787,131.9596372
3372091409,43.1168138,131.8965732
3372091417,43.1197103,131.9034371
3372091421,43.1205197,131.9051757
3372091427,43.1205399,131.901652
3578696114,43.1122678,131.8829987
3578696118,43.1119719,131.8837031
3677322027,43.0754379,131.9528914
3677322033,43.0759863,131.9530656
3690609187,43.1213653,131.9513164
3705805107,43.1360386,131.9113566
3731633391,43.1056277,131.9832604
3758638472,43.1051821,131.9825595
3940655583,43.1052328,131.9823849
3987251962,43.1346398,131.999201
3987251963,43.1343467,131.9994822
3987251970,43.1357911,131.9995085
4003894326,43.1345519,131.9996112
4010308703,43.1350172,131.9985833
4052120696,43.1045218,131.9779062
4052143310,43.1076223,131.9713012
4052207329,43.1379483,131.8995623
4150803390,43.111989,131.9250492
4150842189,43.1122227,131.9250754
4245582930,43.1199292,131.8862528
4284064689,43.1311856,131.9526914
4327587339,43.1115237,131.9160888
4383597163,43.1253226,131.9256722
4526869230,43.1107633,131.9368719
4540729922,43.0957627,131.8616773
4548465588,43.0919402,131.916913
4564451251,43.1275216,131.94026
4578714031,43.075341,131.9500569
4602765437,43.0768749,131.9343038
4631654740,43.0947739,131.9004208
4634270851,43.0852487,131.8574386
4634274180,43.0790814,131.8418541
4634274187,43.0790423,131.8419666
4634274196,43.0797447,131.8422188
4634274533,43.0819303,131.8480945
4634274535,43.0808231,131.8483142
4634274726,43.0806593,131.8492926
4634274915,43.0813228,131.8499864
4634275500,43.0881298,131.8547935
4634275727,43.0872174,131.8562172
4634276180,43.087947,131.8574065
4634276631,43.0894297,131.8586669
4634276786,43.0903958,131.8595256
4634277484,43.0923044,131.8625987
4634277676,43.093512,131.8632492
4634277770,43.1029464,131.863003
4634277886,43.0997876,131.8642495
4634277931,43.1019726,131.8644612
4634278136,43.1011429,131.8657037
4634278257,43.1016202,131.8663542
4634278329,43.093594,131.8667226
4634278546,43.1041732,131.8684317
4634279130,43.1094641,131.8737679
4634279139,43.1085709,131.873791
4634279169,43.1091806,131.8740315
4634279185,43.109508,131.8741798
4634279250,43.1137606,131.8745404
4634279807,43.1106309,131.8759958
4634280535,43.11017,131.8786567
4634280732,43.1136084,131.8799539
4634280831,43.1135208,131.8805461
4634280850,43.116262,131.8808217
4634281049,43.1114141,131.8833818
4638968549,43.1289434,131.9017929
4646495797,43.09493,131.8898031
4675921377,43.1280354,131.9019625
4704618890,43.1321744,131.9435145
4712921040,43.12424,131.8886145
4712921042,43.1244128,131.8884568
4712922804,43.1248703,131.9090403
4712923159,43.1122413,131.9254612
4712923160,43.1119055,131.925425
4712923295,43.1174431,131.8827013
4712923462,43.1128339,131.8922475
4712923529,43.1221493,131.8872867
4712923686,43.1284209,131.9022356
4712923851,43.1269565,131.9095384
4712923852,43.1267619,131.9077746
4712924154,43.1232537,131.8876832
4712924201,43.1135942,131.9174375
4712924407,43.116403,131.8931664
4712924562,43.1208915,131.8758
4712924737,43.1163801,131.8824696
4712925240,43.1234947,131.877484
4712925566,43.1181504,131.8798041
4712925567,43.1224047,131.8798673
4712926196,43.1174778,131.883157
4712926319,43.1185437,131.8837681
4712926349,43.1182887,131.8839015
4712928054,43.1239784,131.8885017
4712928520,43.1229948,131.8889508
4712928852,43.1241384,131.8892764
4712930411,43.1223522,131.8919997
4712931671,43.1205529,131.8954672
4712934085,43.1161443,131.9026663
4712935492,43.1196222,131.9082277
4712937237,43.1145767,131.9100033
4712937428,43.1153072,131.9103241
4712937443,43.1211635,131.9104192
4712937645,43.1241438,131.910931
4712938210,43.1145879,131.9122045
4712938260,43.1161672,131.9125075
4712938653,43.1144513,131.9134161
4712939688,43.1173441,131.9172633
4712940272,43.1093039,131.9194555
4712940305,43.1167576,131.9195999
4712940922,43.1123292,131.9233672
4712940935,43.1113058,131.9234129
4712941343,43.1143765,131.9246425
4712942531,43.1125567,131.9299894
4712944366,43.1180121,131.8797543
4712944369,43.1158,131.9023955
4792815789,43.0745158,131.9474625
4792816030,43.0749656,131.9437633
4792818137,43.0769856,131.934388
4797574247,43.0791581,131.9626654
4797574317,43.0836839,131.9616093
4797575096,43.0751992,131.9481998
4797575098,43.0750452,131.9477583
4797575102,43.075325,131.9478685
4797575114,43.0768076,131.9508263
4797575115,43.0766608,131.9524833
4797575174,43.0816583,131.9543501
4797575191,43.0789768,131.9602205
4797575192,43.0790556,131.9597008
4797575247,43.0782642,131.959888
4797575252,43.0784894,131.9606237
4797575261,43.0787199,131.9622916
4797575327,43.0772475,131.9580682
4797575339,43.0772949,131.9581054
4797575358,43.0763188,131.9480386
4797575363,43.075425,131.9523712
4797575525,43.0753943,131.9520698
4800312594,43.089769,131.9762212
4802615063,43.0852105,131.9499527
4802615422,43.0855781,131.9538409
4802615855,43.0836031,131.9672871
4805028024,43.0969125,131.950086
4806760651,43.0969305,131.9375617
4806929163,43.104721,131.9835561
4806929177,43.1097413,131.983986
4806929183,43.1095778,131.984961
4806929192,43.110061,131.9843645
4806929198,43.108674,131.9850852
4806929201,43.1094088,131.9853971
4806929202,43.1093895,131.9854991
4806929208,43.1090864,131.9851595
4806929210,43.1091707,131.9851088
4807002487,43.106701,131.9826554
4807003084,43.1079481,131.9678535
4807003233,43.1157305,131.9712808
4812445416,43.1045708,131.9790929
4812445945,43.1032869,131.9792527
4812446169,43.1042711,131.9701623
4812446340,43.1074727,131.9688972
4812453104,43.1346266,131.9993635
4812454907,43.139067,131.9483759
4812455813,43.1361043,131.9995301
4812456286,43.1392838,131.948782
4812548685,43.086875,131.9259676
4814744691,43.0926176,131.9182432
4814744692,43.0923977,131.9181323
4814744698,43.0921606,131.9172959
4814744702,43.0920828,131.9175007
4814744747,43.0898639,131.9129434
4814745709,43.0863805,131.9109359
4814746580,43.0834914,131.9121128
4814746804,43.0783108,131.9070225
4814747149,43.0883308,131.921546
4815053317,43.0928873,131.9137123
4815053722,43.0896158,131.9046053
4815053727,43.0882205,131.901896
4815054819,43.0883287,131.8946802
4815055133,43.0869198,131.9051869
4815055210,43.0861491,131.8987659
4815055788,43.0847632,131.905781
4815056141,43.0846062,131.8986406
4815056242,43.0826706,131.9012261
4817656636,43.0957841,131.8880874
4817656775,43.0944375,131.8912991
4817658305,43.104082,131.8929116
4819615971,43.0996621,131.8980728
4819616314,43.098543,131.9134854
4819618834,43.0959133,131.9144606
4819621471,43.0983564,131.9045793
4819622339,43.099937,131.912803
4819623010,43.1043615,131.9004894
4819623281,43.1034463,131.8992475
4819623283,43.1034332,131.900153
4819623289,43.1031485,131.9018279
4819623682,43.105073,131.8976795
4819625030,43.1034974,131.9143014
4819688152,43.1059414,131.9021993
4821730293,43.1331535,131.9111972
4821730294,43.1329683,131.9111015
4821730609,43.1295504,131.9400647
4821730756,43.1222609,131.9268548
4821730757,43.1223723,131.9269002
4821731682,43.1290614,131.9153384
4829715896,43.1107006,131.9550239
4829715897,43.1108417,131.9549565
4829715973,43.1069854,131.9529367
4829716033,43.1085696,131.9527517
4829717437,43.1046229,131.9558249
4829717749,43.1049287,131.96322
4829718872,43.1041047,131.9457233
4830064462,43.1121979,131.9394876
4830277766,43.1364931,131.8916143
4830401815,43.116211,131.9568664
4830402731,43.1137109,131.9587003
4830404139,43.1159134,131.9599099
4830404166,43.1138898,131.9620802
4832093327,43.1181696,131.9428991
4832093948,43.1182617,131.9436464
4832093955,43.1182758,131.9439394
4832095209,43.1168306,131.9581904
4833876028,43.1325219,131.9479621
4847087765,43.1391437,131.9484338
4848842740,43.122424,131.8919387
4877189264,43.0928311,131.9156266
4896433547,43.1161221,131.9392533
4996092844,43.0945068,131.9156377
4996093327,43.092249,131.9200931
4998779657,43.1009044,131.9051796
5072777977,43.1138578,131.9213916
5078360590,43.1136868,131.9283275
5106741446,43.0848001,131.8536988
5118564675,43.0996466,131.8644798
5352118524,43.101572,131.9432828
5492513406,43.1249472,131.9559079
5563707607,43.1147813,131.8920212
5767398080,43.1223984,131.921056
5800128804,43.0882173,131.9126081
6076146692,43.1007352,131.9827496
6076148821,43.1047191,131.9834059
6144381856,43.1181993,131.8793846
6224372813,43.1240974,131.9259025
6556683235,43.0946558,131.9383726
6618265383,43.1102525,131.936949
6618265384,43.1100576,131.9366775
6639518753,43.1367586,131.9973951
6798039886,43.1151196,131.9077657
6822044790,43.1144205,131.9359645
6975313374,43.1149959,131.9424144
7042799043,43.1168995,131.9668205
7052414622,43.1058199,131.8771737
7071278562,43.086152,131.9362588
7079379063,43.0764528,131.9356798
7152783780,43.1035831,131.940799
7173766995,43.0914221,131.8904755
7256930789,43.0954158,131.9372848
7270911682,43.1322655,131.9504008
7365890247,43.0860347,131.962978
7365918705,43.080646,131.9597021
7373978531,43.0780931,131.9646246
7383667937,43.0758585,131.9487571
7394139926,43.0865862,131.960818
7537349125,43.098862,131.8853314
9217300941,43.1010737,131.9295254
9217300945,43.1008522,131.929579
9242429015,43.1167131,131.9684917
9244545584,43.094203,131.8963516
9296724901,43.1109448,131.880731
9297486181,43.1041408,131.945876
9548975050,43.1167689,131.9640736
9987718510,43.0801515,131.9624842
10007654179,43.1058182,131.9355255
10593465498,43.09652,131.9379378
10698682202,43.0840507,131.8927453
10785555710,43.1261921,131.979127
10785555725,43.1256215,131.978483
10836929798,43.1281986,131.9013766
10836929802,43.1279885,131.9016184
10836991807,43.1281388,131.9024412
10836991813,43.1281481,131.9019734
10836991818,43.1283323,131.9018014
10836991820,43.1285086,131.9022039
10836991826,43.1282811,131.9026059
10839176090,43.1122277,131.9392305
10970558472,43.1022235,131.8642339
11066072986,43.1141321,131.9829716
11067432437,43.1267178,131.9103577
11961568824,43.0915956,131.971369
11979269680,43.1023666,131.9372983
11979269685,43.1022109,131.9371955
12596435996,43.0991444,131.9142102
12606941388,43.1393253,131.9483589
12606941389,43.1393277,131.9484601
12649469541,43.1040618,131.9456942
12716091159,43.118396,131.8845187
13115867331,43.1225665,131.9264824
13236320052,43.1221136,131.967807
13236320058,43.1216974,131.9695356
13397040302,43.1150596,131.9796328
13461989618,43.0853657,131.857536
13461989619,43.0853072,131.8574873
